<?xml version="1.0" encoding="UTF-8"?>
<export version="D">
  <design>
    <source>/home/axel/Documents/KastGerber/Kast/Kast/Kast.sch</source>
    <date>Tue 27 Apr 2021 15:08:58 CEST</date>
    <tool>Eeschema 5.1.5-52549c5~84~ubuntu18.04.1</tool>
    <sheet number="1" name="/" tstamps="/">
      <title_block>
        <title/>
        <company/>
        <rev/>
        <date/>
        <source>Kast.sch</source>
        <comment number="1" value=""/>
        <comment number="2" value=""/>
        <comment number="3" value=""/>
        <comment number="4" value=""/>
      </title_block>
    </sheet>
  </design>
  <components>
    <comp ref="U2">
      <value>ESP32-WROOM-32E_(16MB)</value>
      <footprint>ESP32-WROOM-32E__16MB_(2):MODULE_ESP32-WROOM-32E_(16MB)</footprint>
      <fields>
        <field name="MANUFACTURER">Espressif Systems</field>
        <field name="MAXIMUM_PACKAGE_HEIGHT">3.25mm</field>
        <field name="PARTREV">1.1</field>
        <field name="STANDARD">Manufacturer Recommendations</field>
      </fields>
      <libsource lib="ESP32-WROOM-32E__16MB_" part="ESP32-WROOM-32E_(16MB)" description=""/>
      <sheetpath names="/" tstamps="/"/>
      <tstamp>6058D8D4</tstamp>
    </comp>
    <comp ref="J2">
      <value>Conn_01x04_Female</value>
      <footprint>Connector_PinHeader_2.54mm:PinHeader_1x04_P2.54mm_Vertical</footprint>
      <datasheet>~</datasheet>
      <libsource lib="Connector" part="Conn_01x04_Female" description="Generic connector, single row, 01x04, script generated (kicad-library-utils/schlib/autogen/connector/)"/>
      <sheetpath names="/" tstamps="/"/>
      <tstamp>60593954</tstamp>
    </comp>
    <comp ref="R1">
      <value>10k</value>
      <footprint>Resistor_SMD:R_1206_3216Metric</footprint>
      <datasheet>~</datasheet>
      <libsource lib="Device" part="R" description="Resistor"/>
      <sheetpath names="/" tstamps="/"/>
      <tstamp>6059C394</tstamp>
    </comp>
    <comp ref="S1">
      <value>434111043826</value>
      <footprint>434111043826:434111043826</footprint>
      <fields>
        <field name="DATASHEET-URL">https://www.we-online.com/catalog/datasheet/434111043826.pdf</field>
        <field name="H">4.3mm</field>
        <field name="OPERATION-FORCE">260g</field>
        <field name="PART-NUMBER">434111043826</field>
        <field name="QTY">1800</field>
        <field name="VALUE">434111043826</field>
      </fields>
      <libsource lib="434111043826" part="434111043826" description=""/>
      <sheetpath names="/" tstamps="/"/>
      <tstamp>6059D50B</tstamp>
    </comp>
    <comp ref="C2">
      <value>100n</value>
      <footprint>Capacitor_SMD:C_1206_3216Metric</footprint>
      <datasheet>~</datasheet>
      <libsource lib="Device" part="C" description="Unpolarized capacitor"/>
      <sheetpath names="/" tstamps="/"/>
      <tstamp>6059EBD1</tstamp>
    </comp>
    <comp ref="R2">
      <value>10k</value>
      <footprint>Resistor_SMD:R_1206_3216Metric</footprint>
      <datasheet>~</datasheet>
      <libsource lib="Device" part="R" description="Resistor"/>
      <sheetpath names="/" tstamps="/"/>
      <tstamp>6059FC41</tstamp>
    </comp>
    <comp ref="C4">
      <value>100n</value>
      <footprint>Capacitor_SMD:C_1206_3216Metric</footprint>
      <datasheet>~</datasheet>
      <libsource lib="Device" part="C" description="Unpolarized capacitor"/>
      <sheetpath names="/" tstamps="/"/>
      <tstamp>605A43CD</tstamp>
    </comp>
    <comp ref="S2">
      <value>434111043826</value>
      <footprint>434111043826:434111043826</footprint>
      <fields>
        <field name="DATASHEET-URL">https://www.we-online.com/catalog/datasheet/434111043826.pdf</field>
        <field name="H">4.3mm</field>
        <field name="OPERATION-FORCE">260g</field>
        <field name="PART-NUMBER">434111043826</field>
        <field name="QTY">1800</field>
        <field name="VALUE">434111043826</field>
      </fields>
      <libsource lib="434111043826" part="434111043826" description=""/>
      <sheetpath names="/" tstamps="/"/>
      <tstamp>605A57E0</tstamp>
    </comp>
    <comp ref="C5">
      <value>100n</value>
      <footprint>Capacitor_SMD:C_1206_3216Metric</footprint>
      <datasheet>~</datasheet>
      <libsource lib="Device" part="C" description="Unpolarized capacitor"/>
      <sheetpath names="/" tstamps="/"/>
      <tstamp>605A737B</tstamp>
    </comp>
    <comp ref="R4">
      <value>10k</value>
      <footprint>Resistor_SMD:R_1206_3216Metric</footprint>
      <datasheet>~</datasheet>
      <libsource lib="Device" part="R" description="Resistor"/>
      <sheetpath names="/" tstamps="/"/>
      <tstamp>605AC508</tstamp>
    </comp>
    <comp ref="R5">
      <value>5.6k</value>
      <footprint>Resistor_SMD:R_1206_3216Metric</footprint>
      <datasheet>~</datasheet>
      <libsource lib="Device" part="R" description="Resistor"/>
      <sheetpath names="/" tstamps="/"/>
      <tstamp>60590509</tstamp>
    </comp>
    <comp ref="R6">
      <value>5.6k</value>
      <footprint>Resistor_SMD:R_1206_3216Metric</footprint>
      <datasheet>~</datasheet>
      <libsource lib="Device" part="R" description="Resistor"/>
      <sheetpath names="/" tstamps="/"/>
      <tstamp>60594479</tstamp>
    </comp>
    <comp ref="R7">
      <value>5.6k</value>
      <footprint>Resistor_SMD:R_1206_3216Metric</footprint>
      <datasheet>~</datasheet>
      <libsource lib="Device" part="R" description="Resistor"/>
      <sheetpath names="/" tstamps="/"/>
      <tstamp>60594D98</tstamp>
    </comp>
    <comp ref="R8">
      <value>5.6k</value>
      <footprint>Resistor_SMD:R_1206_3216Metric</footprint>
      <datasheet>~</datasheet>
      <libsource lib="Device" part="R" description="Resistor"/>
      <sheetpath names="/" tstamps="/"/>
      <tstamp>605955F2</tstamp>
    </comp>
    <comp ref="R9">
      <value>5.6k</value>
      <footprint>Resistor_SMD:R_1206_3216Metric</footprint>
      <datasheet>~</datasheet>
      <libsource lib="Device" part="R" description="Resistor"/>
      <sheetpath names="/" tstamps="/"/>
      <tstamp>60595DFA</tstamp>
    </comp>
    <comp ref="R10">
      <value>5.6k</value>
      <footprint>Resistor_SMD:R_1206_3216Metric</footprint>
      <datasheet>~</datasheet>
      <libsource lib="Device" part="R" description="Resistor"/>
      <sheetpath names="/" tstamps="/"/>
      <tstamp>605966C5</tstamp>
    </comp>
    <comp ref="J4">
      <value>Conn_01x06_Female</value>
      <footprint>Connector_PinHeader_2.54mm:PinHeader_1x06_P2.54mm_Vertical</footprint>
      <datasheet>~</datasheet>
      <libsource lib="Connector" part="Conn_01x06_Female" description="Generic connector, single row, 01x06, script generated (kicad-library-utils/schlib/autogen/connector/)"/>
      <sheetpath names="/" tstamps="/"/>
      <tstamp>605D30E9</tstamp>
    </comp>
    <comp ref="J5">
      <value>Conn_01x06_Female</value>
      <footprint>Connector_PinHeader_2.54mm:PinHeader_1x06_P2.54mm_Vertical</footprint>
      <datasheet>~</datasheet>
      <libsource lib="Connector" part="Conn_01x06_Female" description="Generic connector, single row, 01x06, script generated (kicad-library-utils/schlib/autogen/connector/)"/>
      <sheetpath names="/" tstamps="/"/>
      <tstamp>60674E9A</tstamp>
    </comp>
    <comp ref="J3">
      <value>Conn_01x06_Female</value>
      <footprint>Connector_PinHeader_2.54mm:PinHeader_1x06_P2.54mm_Vertical</footprint>
      <datasheet>~</datasheet>
      <libsource lib="Connector" part="Conn_01x06_Female" description="Generic connector, single row, 01x06, script generated (kicad-library-utils/schlib/autogen/connector/)"/>
      <sheetpath names="/" tstamps="/"/>
      <tstamp>60678F94</tstamp>
    </comp>
    <comp ref="J1">
      <value>105017-1001</value>
      <footprint>105017-1001:MOLEX_105017-1001</footprint>
      <fields>
        <field name="MANUFACTURER">MOLEX</field>
        <field name="MAXIMUM_PACKAGE_HIEGHT">2.9mm</field>
        <field name="PARTREV">F</field>
        <field name="STANDARD">Manufacturer Recommendations</field>
      </fields>
      <libsource lib="105017-1001" part="105017-1001" description=""/>
      <sheetpath names="/" tstamps="/"/>
      <tstamp>60596CB2</tstamp>
    </comp>
    <comp ref="U1">
      <value>AMS1117-3.3</value>
      <footprint>Package_TO_SOT_SMD:SOT-223-3_TabPin2</footprint>
      <datasheet>http://www.advanced-monolithic.com/pdf/ds1117.pdf</datasheet>
      <libsource lib="Regulator_Linear" part="AMS1117-3.3" description="1A Low Dropout regulator, positive, 3.3V fixed output, SOT-223"/>
      <sheetpath names="/" tstamps="/"/>
      <tstamp>605A2D2B</tstamp>
    </comp>
    <comp ref="R3">
      <value>10k</value>
      <footprint>Resistor_SMD:R_1206_3216Metric</footprint>
      <datasheet>~</datasheet>
      <libsource lib="Device" part="R" description="Resistor"/>
      <sheetpath names="/" tstamps="/"/>
      <tstamp>605BC8E6</tstamp>
    </comp>
    <comp ref="C1">
      <value>10u</value>
      <footprint>Capacitor_SMD:C_1206_3216Metric</footprint>
      <datasheet>~</datasheet>
      <libsource lib="Device" part="C" description="Unpolarized capacitor"/>
      <sheetpath names="/" tstamps="/"/>
      <tstamp>605B13F1</tstamp>
    </comp>
    <comp ref="C3">
      <value>10u</value>
      <footprint>Capacitor_SMD:C_1206_3216Metric</footprint>
      <datasheet>~</datasheet>
      <libsource lib="Device" part="C" description="Unpolarized capacitor"/>
      <sheetpath names="/" tstamps="/"/>
      <tstamp>605B1AAC</tstamp>
    </comp>
  </components>
  <libparts>
    <libpart lib="105017-1001" part="105017-1001">
      <fields>
        <field name="Reference">J</field>
        <field name="Value">105017-1001</field>
        <field name="Footprint">MOLEX_105017-1001</field>
        <field name="STANDARD">Manufacturer Recommendations</field>
        <field name="MANUFACTURER">MOLEX</field>
        <field name="PARTREV">F</field>
        <field name="MAXIMUM_PACKAGE_HIEGHT">2.9mm</field>
      </fields>
      <pins>
        <pin num="1" name="1" type="passive"/>
        <pin num="2" name="2" type="passive"/>
        <pin num="3" name="3" type="passive"/>
        <pin num="4" name="4" type="passive"/>
        <pin num="5" name="5" type="passive"/>
        <pin num="S1" name="SHIELD" type="passive"/>
        <pin num="S2" name="SHIELD" type="passive"/>
        <pin num="S3" name="SHIELD" type="passive"/>
        <pin num="S4" name="SHIELD" type="passive"/>
        <pin num="S5" name="SHIELD" type="passive"/>
        <pin num="S6" name="SHIELD" type="passive"/>
      </pins>
    </libpart>
    <libpart lib="434111043826" part="434111043826">
      <fields>
        <field name="Reference">S</field>
        <field name="Value">434111043826</field>
        <field name="Footprint">434111043826</field>
        <field name="OPERATION-FORCE">260g</field>
        <field name="QTY">1800</field>
        <field name="PART-NUMBER">434111043826</field>
        <field name="DATASHEET-URL">https://www.we-online.com/catalog/datasheet/434111043826.pdf</field>
        <field name="VALUE">434111043826</field>
        <field name="H">4.3mm</field>
      </fields>
      <pins>
        <pin num="1" name="~" type="passive"/>
        <pin num="2" name="~" type="passive"/>
      </pins>
    </libpart>
    <libpart lib="Connector" part="Conn_01x04_Female">
      <description>Generic connector, single row, 01x04, script generated (kicad-library-utils/schlib/autogen/connector/)</description>
      <docs>~</docs>
      <footprints>
        <fp>Connector*:*_1x??_*</fp>
      </footprints>
      <fields>
        <field name="Reference">J</field>
        <field name="Value">Conn_01x04_Female</field>
      </fields>
      <pins>
        <pin num="1" name="Pin_1" type="passive"/>
        <pin num="2" name="Pin_2" type="passive"/>
        <pin num="3" name="Pin_3" type="passive"/>
        <pin num="4" name="Pin_4" type="passive"/>
      </pins>
    </libpart>
    <libpart lib="Connector" part="Conn_01x06_Female">
      <description>Generic connector, single row, 01x06, script generated (kicad-library-utils/schlib/autogen/connector/)</description>
      <docs>~</docs>
      <footprints>
        <fp>Connector*:*_1x??_*</fp>
      </footprints>
      <fields>
        <field name="Reference">J</field>
        <field name="Value">Conn_01x06_Female</field>
      </fields>
      <pins>
        <pin num="1" name="Pin_1" type="passive"/>
        <pin num="2" name="Pin_2" type="passive"/>
        <pin num="3" name="Pin_3" type="passive"/>
        <pin num="4" name="Pin_4" type="passive"/>
        <pin num="5" name="Pin_5" type="passive"/>
        <pin num="6" name="Pin_6" type="passive"/>
      </pins>
    </libpart>
    <libpart lib="Device" part="C">
      <description>Unpolarized capacitor</description>
      <docs>~</docs>
      <footprints>
        <fp>C_*</fp>
      </footprints>
      <fields>
        <field name="Reference">C</field>
        <field name="Value">C</field>
      </fields>
      <pins>
        <pin num="1" name="~" type="passive"/>
        <pin num="2" name="~" type="passive"/>
      </pins>
    </libpart>
    <libpart lib="Device" part="R">
      <description>Resistor</description>
      <docs>~</docs>
      <footprints>
        <fp>R_*</fp>
      </footprints>
      <fields>
        <field name="Reference">R</field>
        <field name="Value">R</field>
      </fields>
      <pins>
        <pin num="1" name="~" type="passive"/>
        <pin num="2" name="~" type="passive"/>
      </pins>
    </libpart>
    <libpart lib="ESP32-WROOM-32E__16MB_" part="ESP32-WROOM-32E_(16MB)">
      <fields>
        <field name="Reference">U</field>
        <field name="Value">ESP32-WROOM-32E_(16MB)</field>
        <field name="Footprint">MODULE_ESP32-WROOM-32E_(16MB)</field>
        <field name="PARTREV">1.1</field>
        <field name="MANUFACTURER">Espressif Systems</field>
        <field name="MAXIMUM_PACKAGE_HEIGHT">3.25mm</field>
        <field name="STANDARD">Manufacturer Recommendations</field>
      </fields>
      <pins>
        <pin num="1" name="GND" type="power_in"/>
        <pin num="2" name="3V3" type="power_in"/>
        <pin num="3" name="EN" type="input"/>
        <pin num="4" name="SENSOR_VP" type="input"/>
        <pin num="5" name="SENSOR_VN" type="input"/>
        <pin num="6" name="IO34" type="input"/>
        <pin num="7" name="IO35" type="input"/>
        <pin num="8" name="IO32" type="BiDi"/>
        <pin num="9" name="IO33" type="BiDi"/>
        <pin num="10" name="IO25" type="BiDi"/>
        <pin num="11" name="IO26" type="BiDi"/>
        <pin num="12" name="IO27" type="BiDi"/>
        <pin num="13" name="IO14" type="BiDi"/>
        <pin num="14" name="IO12" type="BiDi"/>
        <pin num="15" name="GND" type="power_in"/>
        <pin num="16" name="IO13" type="BiDi"/>
        <pin num="23" name="IO15" type="BiDi"/>
        <pin num="24" name="IO2" type="BiDi"/>
        <pin num="25" name="IO0" type="BiDi"/>
        <pin num="26" name="IO4" type="BiDi"/>
        <pin num="27" name="IO16" type="BiDi"/>
        <pin num="28" name="IO17" type="BiDi"/>
        <pin num="29" name="IO5" type="BiDi"/>
        <pin num="30" name="IO18" type="BiDi"/>
        <pin num="31" name="IO19" type="BiDi"/>
        <pin num="33" name="IO21" type="BiDi"/>
        <pin num="34" name="RXD0" type="BiDi"/>
        <pin num="35" name="TXD0" type="BiDi"/>
        <pin num="36" name="IO22" type="BiDi"/>
        <pin num="37" name="IO23" type="BiDi"/>
        <pin num="38" name="GND" type="power_in"/>
        <pin num="39_1" name="GND" type="power_in"/>
        <pin num="39_2" name="GND" type="power_in"/>
        <pin num="39_3" name="GND" type="power_in"/>
        <pin num="39_4" name="GND" type="power_in"/>
        <pin num="39_5" name="GND" type="power_in"/>
        <pin num="39_6" name="GND" type="power_in"/>
        <pin num="39_7" name="GND" type="power_in"/>
        <pin num="39_8" name="GND" type="power_in"/>
        <pin num="39_9" name="GND" type="power_in"/>
        <pin num="39_10" name="GND" type="power_in"/>
        <pin num="39_11" name="GND" type="power_in"/>
        <pin num="39_12" name="GND" type="power_in"/>
        <pin num="39_13" name="GND" type="power_in"/>
        <pin num="39_14" name="GND" type="power_in"/>
        <pin num="39_15" name="GND" type="power_in"/>
        <pin num="39_16" name="GND" type="power_in"/>
        <pin num="39_17" name="GND" type="power_in"/>
        <pin num="39_18" name="GND" type="power_in"/>
        <pin num="39_19" name="GND" type="power_in"/>
        <pin num="39_20" name="GND" type="power_in"/>
        <pin num="39_21" name="GND" type="power_in"/>
      </pins>
    </libpart>
    <libpart lib="Regulator_Linear" part="AP1117-15">
      <aliases>
        <alias>AP1117-18</alias>
        <alias>AP1117-25</alias>
        <alias>AP1117-33</alias>
        <alias>AP1117-50</alias>
        <alias>LD1117S33TR_SOT223</alias>
        <alias>LD1117S12TR_SOT223</alias>
        <alias>LD1117S18TR_SOT223</alias>
        <alias>LD1117S25TR_SOT223</alias>
        <alias>LD1117S50TR_SOT223</alias>
        <alias>NCP1117-12_SOT223</alias>
        <alias>NCP1117-1.5_SOT223</alias>
        <alias>NCP1117-1.8_SOT223</alias>
        <alias>NCP1117-2.0_SOT223</alias>
        <alias>NCP1117-2.5_SOT223</alias>
        <alias>NCP1117-2.85_SOT223</alias>
        <alias>NCP1117-3.3_SOT223</alias>
        <alias>NCP1117-5.0_SOT223</alias>
        <alias>AMS1117-1.5</alias>
        <alias>AMS1117-1.8</alias>
        <alias>AMS1117-2.5</alias>
        <alias>AMS1117-2.85</alias>
        <alias>AMS1117-3.3</alias>
        <alias>AMS1117-5.0</alias>
      </aliases>
      <description>1A Low Dropout regulator, positive, 1.5V fixed output, SOT-223</description>
      <docs>http://www.diodes.com/datasheets/AP1117.pdf</docs>
      <footprints>
        <fp>SOT?223*TabPin2*</fp>
      </footprints>
      <fields>
        <field name="Reference">U</field>
        <field name="Value">AP1117-15</field>
        <field name="Footprint">Package_TO_SOT_SMD:SOT-223-3_TabPin2</field>
      </fields>
      <pins>
        <pin num="1" name="GND" type="power_in"/>
        <pin num="2" name="VO" type="power_out"/>
        <pin num="3" name="VI" type="power_in"/>
      </pins>
    </libpart>
  </libparts>
  <libraries>
    <library logical="105017-1001">
      <uri>/home/axel/Documents/105017-1001/105017-1001.lib</uri>
    </library>
    <library logical="434111043826">
      <uri>/home/axel/Documents/434111043826/434111043826.lib</uri>
    </library>
    <library logical="Connector">
      <uri>/usr/share/kicad/library/Connector.lib</uri>
    </library>
    <library logical="Device">
      <uri>/usr/share/kicad/library/Device.lib</uri>
    </library>
    <library logical="ESP32-WROOM-32E__16MB_">
      <uri>/home/axel/Documents/ESP32-WROOM-32E__16MB_(1)/ESP32-WROOM-32E__16MB_.lib</uri>
    </library>
    <library logical="Regulator_Linear">
      <uri>/usr/share/kicad/library/Regulator_Linear.lib</uri>
    </library>
  </libraries>
  <nets>
    <net code="1" name="/SDA">
      <node ref="J4" pin="4"/>
      <node ref="U2" pin="33"/>
    </net>
    <net code="2" name="/led5">
      <node ref="J5" pin="1"/>
      <node ref="R5" pin="1"/>
    </net>
    <net code="3" name="/led1">
      <node ref="J5" pin="2"/>
      <node ref="R6" pin="1"/>
    </net>
    <net code="4" name="GND">
      <node ref="J1" pin="S1"/>
      <node ref="J1" pin="S6"/>
      <node ref="J1" pin="S5"/>
      <node ref="J1" pin="S4"/>
      <node ref="J1" pin="S3"/>
      <node ref="J1" pin="S2"/>
      <node ref="C1" pin="2"/>
      <node ref="J1" pin="5"/>
      <node ref="S2" pin="2"/>
      <node ref="J2" pin="1"/>
      <node ref="U1" pin="1"/>
      <node ref="J3" pin="6"/>
      <node ref="J3" pin="5"/>
      <node ref="U2" pin="39_12"/>
      <node ref="U2" pin="39_3"/>
      <node ref="U2" pin="39_21"/>
      <node ref="U2" pin="39_20"/>
      <node ref="U2" pin="39_2"/>
      <node ref="U2" pin="39_19"/>
      <node ref="U2" pin="39_18"/>
      <node ref="U2" pin="39_17"/>
      <node ref="U2" pin="39_16"/>
      <node ref="U2" pin="39_14"/>
      <node ref="U2" pin="39_13"/>
      <node ref="U2" pin="39_4"/>
      <node ref="U2" pin="39_11"/>
      <node ref="U2" pin="39_10"/>
      <node ref="U2" pin="39_1"/>
      <node ref="U2" pin="38"/>
      <node ref="C4" pin="1"/>
      <node ref="U2" pin="39_5"/>
      <node ref="U2" pin="1"/>
      <node ref="U2" pin="39_9"/>
      <node ref="U2" pin="39_8"/>
      <node ref="U2" pin="39_7"/>
      <node ref="U2" pin="39_6"/>
      <node ref="S1" pin="1"/>
      <node ref="C5" pin="1"/>
      <node ref="U2" pin="15"/>
      <node ref="C2" pin="2"/>
      <node ref="U2" pin="39_15"/>
      <node ref="J3" pin="3"/>
      <node ref="C3" pin="2"/>
      <node ref="J3" pin="2"/>
      <node ref="J3" pin="1"/>
      <node ref="J4" pin="6"/>
      <node ref="J3" pin="4"/>
    </net>
    <net code="5" name="/RX">
      <node ref="U2" pin="34"/>
      <node ref="J2" pin="2"/>
    </net>
    <net code="6" name="Net-(U2-Pad37)">
      <node ref="U2" pin="37"/>
    </net>
    <net code="7" name="/led4">
      <node ref="R10" pin="1"/>
      <node ref="J5" pin="6"/>
    </net>
    <net code="8" name="/led3">
      <node ref="J5" pin="5"/>
      <node ref="R9" pin="1"/>
    </net>
    <net code="9" name="/led0">
      <node ref="R8" pin="1"/>
      <node ref="J5" pin="4"/>
    </net>
    <net code="10" name="/led2">
      <node ref="R7" pin="1"/>
      <node ref="J5" pin="3"/>
    </net>
    <net code="11" name="Net-(U2-Pad31)">
      <node ref="U2" pin="31"/>
    </net>
    <net code="12" name="Net-(U2-Pad30)">
      <node ref="U2" pin="30"/>
    </net>
    <net code="13" name="Net-(U2-Pad28)">
      <node ref="U2" pin="28"/>
    </net>
    <net code="14" name="Net-(U2-Pad27)">
      <node ref="U2" pin="27"/>
    </net>
    <net code="15" name="Net-(U2-Pad23)">
      <node ref="U2" pin="23"/>
    </net>
    <net code="16" name="Net-(U2-Pad16)">
      <node ref="U2" pin="16"/>
    </net>
    <net code="17" name="Net-(U2-Pad14)">
      <node ref="U2" pin="14"/>
    </net>
    <net code="18" name="Net-(U2-Pad24)">
      <node ref="U2" pin="24"/>
    </net>
    <net code="19" name="/IRQ">
      <node ref="J4" pin="2"/>
      <node ref="U2" pin="26"/>
    </net>
    <net code="20" name="/SCL">
      <node ref="J4" pin="5"/>
      <node ref="U2" pin="36"/>
    </net>
    <net code="21" name="/RSTO">
      <node ref="U2" pin="29"/>
      <node ref="J4" pin="3"/>
      <node ref="R4" pin="2"/>
    </net>
    <net code="22" name="Net-(J1-Pad2)">
      <node ref="J1" pin="2"/>
    </net>
    <net code="23" name="Net-(J1-Pad4)">
      <node ref="J1" pin="4"/>
    </net>
    <net code="24" name="Net-(J1-Pad3)">
      <node ref="J1" pin="3"/>
    </net>
    <net code="25" name="Net-(C1-Pad1)">
      <node ref="C1" pin="1"/>
      <node ref="U1" pin="3"/>
      <node ref="J1" pin="1"/>
    </net>
    <net code="26" name="Net-(C5-Pad2)">
      <node ref="R3" pin="2"/>
      <node ref="S2" pin="1"/>
      <node ref="C5" pin="2"/>
      <node ref="U2" pin="25"/>
    </net>
    <net code="27" name="/3.3V">
      <node ref="C3" pin="1"/>
      <node ref="R3" pin="1"/>
      <node ref="R4" pin="1"/>
      <node ref="U1" pin="2"/>
      <node ref="J4" pin="1"/>
      <node ref="C4" pin="2"/>
      <node ref="R1" pin="1"/>
      <node ref="U2" pin="2"/>
      <node ref="J2" pin="4"/>
      <node ref="R2" pin="1"/>
    </net>
    <net code="28" name="/TX">
      <node ref="U2" pin="35"/>
      <node ref="J2" pin="3"/>
      <node ref="R1" pin="2"/>
    </net>
    <net code="29" name="Net-(U2-Pad4)">
      <node ref="U2" pin="4"/>
    </net>
    <net code="30" name="Net-(U2-Pad5)">
      <node ref="U2" pin="5"/>
    </net>
    <net code="31" name="Net-(U2-Pad6)">
      <node ref="U2" pin="6"/>
    </net>
    <net code="32" name="Net-(U2-Pad7)">
      <node ref="U2" pin="7"/>
    </net>
    <net code="33" name="Net-(R10-Pad2)">
      <node ref="R10" pin="2"/>
      <node ref="U2" pin="9"/>
    </net>
    <net code="34" name="Net-(R9-Pad2)">
      <node ref="U2" pin="8"/>
      <node ref="R9" pin="2"/>
    </net>
    <net code="35" name="Net-(R8-Pad2)">
      <node ref="R8" pin="2"/>
      <node ref="U2" pin="12"/>
    </net>
    <net code="36" name="Net-(R6-Pad2)">
      <node ref="U2" pin="10"/>
      <node ref="R6" pin="2"/>
    </net>
    <net code="37" name="Net-(R7-Pad2)">
      <node ref="U2" pin="11"/>
      <node ref="R7" pin="2"/>
    </net>
    <net code="38" name="Net-(R5-Pad2)">
      <node ref="U2" pin="13"/>
      <node ref="R5" pin="2"/>
    </net>
    <net code="39" name="Net-(C2-Pad1)">
      <node ref="R2" pin="2"/>
      <node ref="C2" pin="1"/>
      <node ref="S1" pin="2"/>
      <node ref="U2" pin="3"/>
    </net>
  </nets>
</export>
